epoch,time,train/box_loss,train/seg_loss,train/cls_loss,train/dfl_loss,metrics/precision(B),metrics/recall(B),metrics/mAP50(B),metrics/mAP50-95(B),metrics/precision(M),metrics/recall(M),metrics/mAP50(M),metrics/mAP50-95(M),val/box_loss,val/seg_loss,val/cls_loss,val/dfl_loss,lr/pg0,lr/pg1,lr/pg2
1,218.541,3.55553,6.37484,5.27829,4.21185,0.00114,0.05426,0.00066,0.00017,0.00054,0.02032,0.00028,6e-05,3.17498,9.11386,15.4444,5.15208,0.0700962,0.00332265,0.00332265
2,389.777,3.35223,4.32113,4.92992,3.66104,0.05326,0.04326,0.00066,0.00015,0.05317,0.03671,0.00045,0.0001,2.96717,4.79893,4.82651,3.50527,0.0400961,0.00665592,0.00665592
3,562.911,2.78699,4.02399,4.60485,3.14664,0.00125,0.04303,0.00068,0.00023,0.00112,0.04833,0.00071,0.00025,2.9401,6.60445,inf,3.77567,0.0100958,0.00998893,0.00998893
4,732.22,2.33431,3.63177,4.16303,2.6587,0.05954,0.09004,0.00655,0.00262,0.0602,0.09411,0.00885,0.00313,nan,nan,nan,nan,0.00999912,0.00999912,0.00999912
5,900.251,1.98929,3.3845,3.75749,2.31726,0.30951,0.10255,0.06978,0.03847,0.30712,0.09819,0.06726,0.03743,1.68579,2.89426,3.12839,2.09909,0.00999844,0.00999844,0.00999844
6,1069.23,1.8081,3.19769,3.45457,2.10968,0.32845,0.14137,0.11732,0.06573,0.32435,0.13543,0.11806,0.07085,1.53861,2.49737,2.89849,1.88306,0.00999756,0.00999756,0.00999756
7,1237.27,1.66951,2.88787,3.23369,1.96666,0.44089,0.14909,0.14389,0.08745,0.43619,0.15495,0.14476,0.09173,1.36959,2.24551,2.54985,1.73307,0.00999648,0.00999648,0.00999648
8,1407.15,1.60613,2.8952,3.0935,1.9048,0.12717,0.20314,0.14834,0.0895,0.12399,0.2106,0.14766,0.09339,1.34742,2.26736,2.4668,1.7033,0.00999521,0.00999521,0.00999521
9,1576.85,1.53693,2.72793,2.97696,1.81076,0.31317,0.20902,0.16904,0.11504,0.30478,0.20056,0.16577,0.11514,1.25852,2.18762,2.31153,1.61407,0.00999375,0.00999375,0.00999375
10,1745.65,1.48375,2.61803,2.90132,1.77604,0.46173,0.16737,0.17262,0.11541,0.48418,0.16658,0.17156,0.11532,1.20923,2.0976,2.17759,1.5452,0.00999209,0.00999209,0.00999209
11,1914.95,1.45803,2.56026,2.80792,1.72814,0.32279,0.2632,0.20671,0.14085,0.26771,0.26016,0.20122,0.14013,1.16521,1.99061,2.10528,1.52046,0.00999023,0.00999023,0.00999023
12,2082.97,1.40579,2.48079,2.74016,1.69852,0.25222,0.25794,0.20342,0.14455,0.24972,0.25691,0.20396,0.14403,1.09629,1.95865,2.0031,1.43754,0.00998818,0.00998818,0.00998818
13,2250.62,1.40772,2.55274,2.75498,1.68722,0.37344,0.22457,0.20602,0.14496,0.3796,0.22288,0.20511,0.14507,1.11607,1.94,2.08255,1.44754,0.00998594,0.00998594,0.00998594
14,2417.78,1.36523,2.46815,2.63155,1.65025,0.26674,0.2656,0.22758,0.16293,0.28531,0.25227,0.22163,0.15751,1.05704,1.93125,1.93141,1.42393,0.0099835,0.0099835,0.0099835
15,2584.59,1.36752,2.56456,2.62619,1.6471,0.28951,0.29702,0.24186,0.17728,0.29243,0.31881,0.24395,0.17535,1.0345,1.8666,1.86372,1.37983,0.00998086,0.00998086,0.00998086
16,2753.94,1.3381,2.39694,2.59116,1.62637,0.28345,0.30601,0.24363,0.17494,0.27113,0.31641,0.23926,0.17114,1.03933,1.8204,1.87731,1.39448,0.00997803,0.00997803,0.00997803
17,2923.38,1.32241,2.39881,2.5433,1.60742,0.37712,0.26022,0.25857,0.18495,0.3765,0.26457,0.25644,0.18187,0.98929,1.82506,1.83397,1.3468,0.00997501,0.00997501,0.00997501
18,3090.21,1.30497,2.42565,2.51382,1.59456,0.29897,0.33458,0.26274,0.19301,0.37488,0.29893,0.26701,0.19005,0.98557,1.81964,1.85008,1.34843,0.00997179,0.00997179,0.00997179
19,3256.4,1.26121,2.33291,2.45763,1.57122,0.30392,0.32788,0.25806,0.19127,0.30143,0.33162,0.25746,0.1838,0.97282,1.81251,1.79036,1.33673,0.00996838,0.00996838,0.00996838
20,3424.9,1.24044,2.3072,2.39008,1.53027,0.31116,0.30822,0.2734,0.20372,0.30893,0.31811,0.26916,0.19632,0.9188,1.74606,1.75712,1.29769,0.00996477,0.00996477,0.00996477
21,3593.52,1.23609,2.25314,2.388,1.53373,0.37192,0.31554,0.27848,0.20744,0.38485,0.31643,0.27885,0.19831,0.95509,1.75675,1.76823,1.32077,0.00996097,0.00996097,0.00996097
22,3760.94,1.22958,2.31688,2.36733,1.51473,0.32333,0.31518,0.26167,0.19524,0.32004,0.3222,0.25785,0.18701,0.94111,1.75649,1.7952,1.30052,0.00995697,0.00995697,0.00995697
23,3929.92,1.22891,2.28687,2.38561,1.52536,0.44171,0.29599,0.29002,0.21699,0.44237,0.31004,0.29697,0.21111,0.91772,1.75536,1.67101,1.28661,0.00995278,0.00995278,0.00995278
24,4096.75,1.20625,2.21761,2.33447,1.50311,0.4157,0.31319,0.28942,0.22119,0.41521,0.31992,0.28861,0.21037,0.88261,1.71255,1.66717,1.25424,0.0099484,0.0099484,0.0099484
25,4263.28,1.19619,2.2095,2.29054,1.48345,0.39076,0.37237,0.30702,0.22412,0.38686,0.38923,0.30845,0.22352,0.89677,1.7125,1.64391,1.27229,0.00994383,0.00994383,0.00994383
26,4429.36,1.17869,2.16085,2.29892,1.48116,0.34021,0.36128,0.2984,0.22602,0.34177,0.36445,0.29901,0.22069,0.89313,1.67627,1.61892,1.26809,0.00993906,0.00993906,0.00993906
27,4596.08,1.20191,2.22312,2.30614,1.48971,0.40395,0.34938,0.30062,0.22939,0.4131,0.35086,0.3024,0.22321,0.86966,1.67493,1.58787,1.24285,0.0099341,0.0099341,0.0099341
28,4762.49,1.17125,2.22186,2.26524,1.46297,0.34869,0.37589,0.30732,0.22781,0.35456,0.39005,0.31422,0.23071,0.87674,1.66345,1.61615,1.23947,0.00992894,0.00992894,0.00992894
29,4929.82,1.17644,2.23046,2.23813,1.46673,0.36284,0.37425,0.30906,0.2326,0.36335,0.37869,0.30592,0.22374,0.89105,1.69787,1.67368,1.26774,0.00992359,0.00992359,0.00992359
30,5096.58,1.16996,2.15656,2.26709,1.46779,0.34945,0.37578,0.30862,0.23394,0.35851,0.39217,0.32466,0.23979,0.86153,1.64037,1.55411,1.24197,0.00991805,0.00991805,0.00991805
31,5263,1.12099,2.09768,2.1894,1.42636,0.51135,0.3376,0.33488,0.24521,0.52218,0.33453,0.33355,0.24336,0.83515,1.62151,1.5056,1.21457,0.00991232,0.00991232,0.00991232
32,5430.72,1.14801,2.16446,2.14126,1.43621,0.38103,0.40237,0.32743,0.24565,0.38124,0.39582,0.32046,0.23666,0.83638,1.65652,1.60827,1.22175,0.0099064,0.0099064,0.0099064
33,5597.72,1.15254,2.18749,2.1777,1.42108,0.39035,0.39109,0.32383,0.2464,0.38137,0.38366,0.31655,0.23609,0.84199,1.64936,1.54683,1.22221,0.00990028,0.00990028,0.00990028
34,5765.6,1.11795,2.092,2.14732,1.41709,0.41053,0.37159,0.33239,0.25034,0.41093,0.37197,0.33114,0.24135,0.84813,1.61602,1.48997,1.2262,0.00989398,0.00989398,0.00989398
35,5934.63,1.1324,2.15111,2.10519,1.40381,0.39527,0.40195,0.32953,0.25023,0.40407,0.40125,0.32916,0.24287,0.8164,1.59479,1.47942,1.19554,0.00988748,0.00988748,0.00988748
36,6101.51,1.11141,2.11702,2.10807,1.40176,0.43923,0.36544,0.33321,0.25352,0.44171,0.36232,0.32867,0.24296,0.80843,1.58707,1.4941,1.20182,0.00988079,0.00988079,0.00988079
37,6271.03,1.11413,2.09693,2.11362,1.408,0.41352,0.38683,0.34012,0.25726,0.41441,0.38417,0.33601,0.24588,0.80047,1.6108,1.44927,1.19161,0.00987391,0.00987391,0.00987391
38,6438.15,1.11556,2.0696,2.079,1.40487,0.39867,0.38405,0.34266,0.2635,0.3934,0.38407,0.33503,0.24685,0.81789,1.61718,1.47905,1.20633,0.00986684,0.00986684,0.00986684
39,6605.54,1.06735,1.99946,2.02969,1.37622,0.40488,0.40133,0.35625,0.27499,0.39402,0.39122,0.34687,0.26063,0.79236,1.56923,1.41662,1.18272,0.00985958,0.00985958,0.00985958
40,6774.02,1.08184,2.07502,2.06603,1.38287,0.45338,0.36583,0.35027,0.27094,0.41259,0.3829,0.34551,0.25758,0.785,1.58242,1.38443,1.17573,0.00985213,0.00985213,0.00985213
41,6940.18,1.0951,2.06746,2.06256,1.38763,0.50921,0.36859,0.37092,0.27778,0.50931,0.37378,0.37494,0.27639,0.79477,1.57013,1.35265,1.17966,0.00984449,0.00984449,0.00984449
42,7106.59,1.09082,2.04354,2.02385,1.37903,0.44197,0.38271,0.35155,0.27094,0.44068,0.38061,0.34831,0.25758,0.7849,1.56973,1.40433,1.17066,0.00983666,0.00983666,0.00983666
43,7273.52,1.05303,1.9964,1.99451,1.34223,0.4974,0.37282,0.36016,0.27515,0.50456,0.3709,0.35558,0.26512,0.76802,1.52852,1.38727,1.16747,0.00982864,0.00982864,0.00982864
44,7440.91,1.06564,2.04739,2.03371,1.36413,0.47915,0.43498,0.37587,0.28092,0.47603,0.4305,0.36924,0.27343,0.78073,1.51312,1.40443,1.16947,0.00982043,0.00982043,0.00982043
45,7608.24,1.08075,2.02763,1.99072,1.36852,0.47991,0.43446,0.38153,0.29158,0.47893,0.4321,0.38498,0.28241,0.768,1.53719,1.38153,1.15758,0.00981204,0.00981204,0.00981204
46,7776.32,1.05281,1.90724,1.98187,1.35635,0.43323,0.37492,0.35023,0.27092,0.43617,0.3721,0.34835,0.26196,0.77661,1.54004,1.38013,1.17112,0.00980345,0.00980345,0.00980345
47,7943.08,1.05768,1.98483,1.98514,1.36047,0.44511,0.39001,0.36236,0.27991,0.4118,0.40042,0.36083,0.26894,0.76981,1.54514,1.39634,1.1622,0.00979468,0.00979468,0.00979468
48,8112.2,1.05369,1.98945,1.97684,1.35246,0.45666,0.37898,0.36693,0.28756,0.46084,0.37699,0.36944,0.27697,0.76837,1.49579,1.3435,1.16065,0.00978572,0.00978572,0.00978572
49,8280.44,1.04219,1.95273,1.93501,1.34033,0.44624,0.39393,0.37099,0.28843,0.45096,0.3929,0.36354,0.26891,0.76301,1.51089,1.34497,1.15536,0.00977658,0.00977658,0.00977658
50,8449,1.03453,1.97223,1.92514,1.33662,0.4525,0.40262,0.38326,0.30213,0.45309,0.39949,0.37669,0.28559,0.7406,1.52314,1.35278,1.1507,0.00976725,0.00976725,0.00976725
51,8617.48,1.05635,1.99916,1.96534,1.35,0.46984,0.38708,0.3732,0.29155,0.46754,0.38204,0.36641,0.27629,0.77273,1.51111,1.35978,1.17376,0.00975773,0.00975773,0.00975773
52,8785.95,1.05699,1.97178,1.93895,1.34193,0.46838,0.40225,0.38295,0.3007,0.45741,0.39993,0.37684,0.28271,0.74812,1.49051,1.28986,1.14279,0.00974803,0.00974803,0.00974803
53,8953.84,1.01591,1.88896,1.89006,1.31901,0.42188,0.40929,0.3706,0.2906,0.42183,0.40659,0.36593,0.27514,0.74615,1.49232,1.33145,1.14768,0.00973814,0.00973814,0.00973814
54,9121.84,1.00774,1.88963,1.90175,1.3109,0.47203,0.39906,0.38936,0.3073,0.46071,0.39456,0.38548,0.29088,0.74316,1.4921,1.30182,1.14081,0.00972806,0.00972806,0.00972806
55,9289.59,1.03944,1.94632,1.91588,1.33924,0.46424,0.43691,0.40017,0.30861,0.46929,0.4378,0.40083,0.30047,0.7391,1.48258,1.2767,1.13415,0.0097178,0.0097178,0.0097178
56,9457.13,1.00832,1.87891,1.88081,1.30176,0.47137,0.41753,0.38701,0.30478,0.46517,0.41584,0.38595,0.28882,0.7401,1.47944,1.28123,1.13179,0.00970736,0.00970736,0.00970736
57,9615.98,1.02562,1.96265,1.89399,1.32038,0.45334,0.41122,0.39492,0.31233,0.45206,0.40724,0.39061,0.29458,0.74182,1.46862,1.31721,1.1434,0.00969673,0.00969673,0.00969673
58,9774.18,0.99576,1.82488,1.86059,1.29978,0.45547,0.40073,0.38476,0.30496,0.47873,0.37819,0.37842,0.28743,0.73178,1.47858,1.30539,1.1294,0.00968592,0.00968592,0.00968592
59,9931.64,1.01672,1.9218,1.8985,1.32236,0.42384,0.44135,0.39464,0.31318,0.42474,0.43309,0.39306,0.29862,0.71714,1.47484,1.25457,1.12,0.00967493,0.00967493,0.00967493
60,10090,0.9999,1.87736,1.85816,1.29787,0.42618,0.43993,0.38568,0.30933,0.42156,0.43923,0.38453,0.29147,0.71321,1.45447,1.29847,1.12064,0.00966375,0.00966375,0.00966375
61,10245.6,0.99405,1.81378,1.83035,1.29448,0.48038,0.4544,0.40129,0.31604,0.47951,0.45147,0.39849,0.29951,0.71512,1.4382,1.25209,1.12267,0.00965239,0.00965239,0.00965239
62,10400.6,1.00023,1.83965,1.8404,1.295,0.45663,0.44608,0.39922,0.31525,0.45297,0.43979,0.39487,0.30083,0.73535,1.44921,1.26034,1.13608,0.00964085,0.00964085,0.00964085
63,10556.3,0.99961,1.87486,1.84674,1.30201,0.47902,0.39651,0.38634,0.30648,0.48317,0.39172,0.38446,0.28968,0.70784,1.4489,1.25926,1.1213,0.00962913,0.00962913,0.00962913
64,10712.5,0.98759,1.86116,1.82968,1.29197,0.45616,0.44295,0.40408,0.32211,0.45603,0.43666,0.40079,0.30559,0.70918,1.43274,1.21873,1.11887,0.00961723,0.00961723,0.00961723
65,10757.4,0.98331,1.83857,1.80279,1.28974,0.45474,0.42398,0.39446,0.3151,0.45036,0.41844,0.38685,0.29639,0.71642,1.44372,1.2536,1.12168,0.00960515,0.00960515,0.00960515
66,10794.6,1.00752,1.90163,1.82152,1.28608,0.46644,0.43431,0.41996,0.33223,0.46987,0.42761,0.41155,0.31291,0.70859,1.42939,1.21149,1.10918,0.00959289,0.00959289,0.00959289
67,10832.3,0.95642,1.83608,1.79022,1.28077,0.47316,0.44654,0.4204,0.33316,0.47092,0.44149,0.41535,0.31637,0.70433,1.41299,1.209,1.11002,0.00958044,0.00958044,0.00958044
68,10870,0.98128,1.84422,1.79369,1.28306,0.52182,0.4061,0.42241,0.33696,0.48667,0.42723,0.41804,0.32069,0.69958,1.41602,1.19737,1.1069,0.00956782,0.00956782,0.00956782
69,10908.9,1.00842,1.86678,1.78007,1.29655,0.50242,0.43754,0.43522,0.34564,0.50766,0.43549,0.42939,0.3292,0.69339,1.40798,1.18258,1.10157,0.00955502,0.00955502,0.00955502
70,10947.2,0.97431,1.79193,1.73708,1.2732,0.47915,0.45459,0.43217,0.34531,0.49203,0.44288,0.42637,0.32424,0.68731,1.40069,1.19176,1.09648,0.00954205,0.00954205,0.00954205
71,10986.1,0.96515,1.84441,1.76907,1.26537,0.49425,0.44745,0.43466,0.34287,0.49804,0.4408,0.42876,0.32873,0.68812,1.39545,1.17095,1.10059,0.00952889,0.00952889,0.00952889
72,11023.2,0.96128,1.7965,1.7302,1.2661,0.44933,0.45114,0.41046,0.3293,0.44946,0.44517,0.40759,0.31012,0.69336,1.40828,1.22787,1.09671,0.00951556,0.00951556,0.00951556
73,11060.4,0.97073,1.78203,1.79661,1.2673,0.48524,0.43565,0.41498,0.32982,0.46559,0.45301,0.40884,0.31325,0.69545,1.43195,1.19717,1.10245,0.00950206,0.00950206,0.00950206
74,11095.8,0.97416,1.85002,1.74181,1.26699,0.50455,0.44833,0.43769,0.34495,0.49686,0.44141,0.43115,0.33176,0.68377,1.40516,1.1545,1.09776,0.00948837,0.00948837,0.00948837
75,11130,0.96255,1.77693,1.74253,1.26615,0.59044,0.41851,0.43178,0.34057,0.57675,0.42203,0.42841,0.32914,0.69259,1.40966,1.17571,1.10017,0.00947452,0.00947452,0.00947452
76,11165.1,0.97819,1.85794,1.75994,1.26928,0.51267,0.428,0.42248,0.3357,0.51256,0.42441,0.4206,0.32281,0.688,1.39582,1.17827,1.09499,0.00946048,0.00946048,0.00946048
77,11199.7,0.94279,1.70967,1.68731,1.25086,0.53286,0.42516,0.42836,0.34251,0.53067,0.41825,0.42437,0.32602,0.68186,1.38657,1.1601,1.09146,0.00944628,0.00944628,0.00944628
78,11236.1,0.94695,1.83859,1.74609,1.2571,0.57291,0.44479,0.45392,0.35998,0.57305,0.44186,0.44981,0.34686,0.67722,1.37861,1.14601,1.08912,0.00943189,0.00943189,0.00943189
79,11273.3,0.95861,1.766,1.72108,1.26333,0.52856,0.46907,0.45481,0.36062,0.5108,0.47448,0.45087,0.34734,0.68411,1.37196,1.15083,1.08512,0.00941734,0.00941734,0.00941734
80,11310.4,0.95717,1.86067,1.70288,1.25457,0.53932,0.44703,0.44898,0.35573,0.51076,0.46273,0.44734,0.34025,0.67006,1.37356,1.13741,1.08194,0.00940262,0.00940262,0.00940262
81,11346.3,0.95534,1.75842,1.7209,1.25344,0.51991,0.43761,0.43635,0.34598,0.51593,0.42739,0.42852,0.33029,0.68222,1.36379,1.17034,1.0933,0.00938772,0.00938772,0.00938772
82,11381.9,0.9274,1.72156,1.72559,1.24053,0.51382,0.46213,0.44774,0.36025,0.53837,0.43605,0.44381,0.34193,0.66744,1.3726,1.16965,1.08431,0.00937265,0.00937265,0.00937265
83,11419.7,0.96685,1.83795,1.72613,1.26285,0.49231,0.47231,0.45395,0.35951,0.48878,0.46621,0.44807,0.34453,0.6685,1.36145,1.13158,1.07863,0.00935741,0.00935741,0.00935741
84,11457.4,0.96412,1.78622,1.6612,1.26361,0.50016,0.48285,0.45193,0.36476,0.50139,0.48311,0.44953,0.34742,0.67014,1.35628,1.12212,1.0813,0.009342,0.009342,0.009342
85,11497.7,0.91851,1.726,1.66617,1.22771,0.50285,0.46712,0.44443,0.35916,0.50067,0.45936,0.44014,0.34262,0.66717,1.35587,1.13605,1.08445,0.00932642,0.00932642,0.00932642
86,11536.3,0.95245,1.78107,1.66951,1.25332,0.5207,0.47045,0.45797,0.36845,0.52194,0.46458,0.451,0.34852,0.6714,1.36372,1.13367,1.08065,0.00931067,0.00931067,0.00931067
87,11575.8,0.9471,1.72628,1.70062,1.24391,0.51666,0.48311,0.45825,0.36352,0.52542,0.47655,0.45531,0.35218,0.6652,1.3712,1.12701,1.07638,0.00929476,0.00929476,0.00929476
88,11615.5,0.95672,1.77418,1.68932,1.25457,0.53156,0.46656,0.46228,0.36704,0.52651,0.45891,0.45342,0.35146,0.65585,1.3537,1.10418,1.07012,0.00927867,0.00927867,0.00927867
89,11654.6,0.93904,1.72721,1.64392,1.21817,0.51707,0.49018,0.45943,0.36802,0.51752,0.48577,0.45508,0.35379,0.66624,1.34319,1.1162,1.0745,0.00926242,0.00926242,0.00926242
90,11693.5,0.92117,1.7626,1.67709,1.23244,0.50872,0.49581,0.45888,0.37017,0.52909,0.47478,0.45686,0.35117,0.65971,1.34246,1.12248,1.07317,0.00924601,0.00924601,0.00924601
91,11732.5,0.91989,1.75171,1.65789,1.22949,0.51278,0.48836,0.46391,0.36968,0.51514,0.4874,0.46599,0.35927,0.67122,1.34805,1.10517,1.07217,0.00922942,0.00922942,0.00922942
92,11769.3,0.92503,1.68971,1.6511,1.23452,0.52978,0.47403,0.46244,0.36802,0.52926,0.47116,0.46376,0.35836,0.65897,1.32896,1.09605,1.07019,0.00921268,0.00921268,0.00921268
93,11809,0.9331,1.76696,1.68911,1.24544,0.54247,0.47668,0.46091,0.36877,0.54675,0.46748,0.45766,0.35584,0.6543,1.34052,1.09355,1.0677,0.00919576,0.00919576,0.00919576
94,11847.3,0.93742,1.77031,1.69579,1.2518,0.52288,0.50796,0.46422,0.36976,0.52171,0.49784,0.46016,0.35384,0.65925,1.3388,1.10165,1.06992,0.00917869,0.00917869,0.00917869
95,11884.8,0.9627,1.77619,1.66184,1.25871,0.52145,0.48611,0.46568,0.37188,0.5253,0.48362,0.46743,0.3576,0.66153,1.33542,1.12342,1.07363,0.00916145,0.00916145,0.00916145
96,11923.7,0.93348,1.76161,1.61488,1.23658,0.50401,0.48568,0.45772,0.36666,0.50243,0.4793,0.45286,0.3481,0.6604,1.33042,1.13283,1.07041,0.00914405,0.00914405,0.00914405
97,11962.2,0.91845,1.75995,1.62881,1.22337,0.53392,0.44471,0.44796,0.36091,0.53964,0.4293,0.44212,0.33933,0.66303,1.32834,1.1278,1.07604,0.00912649,0.00912649,0.00912649
98,12001.4,0.93728,1.75707,1.63904,1.23622,0.45719,0.47244,0.45729,0.3713,0.45124,0.47819,0.45399,0.34978,0.65218,1.32192,1.10807,1.0676,0.00910876,0.00910876,0.00910876
99,12040.5,0.91687,1.7209,1.60799,1.22814,0.53909,0.47087,0.46422,0.37242,0.53538,0.46697,0.46124,0.35333,0.65339,1.31564,1.08646,1.0655,0.00909088,0.00909088,0.00909088
100,12080.5,0.91526,1.65283,1.6224,1.21824,0.47478,0.51463,0.47522,0.37927,0.46547,0.50435,0.46808,0.36055,0.65173,1.32139,1.08437,1.05917,0.00907284,0.00907284,0.00907284
101,12120,0.92679,1.7265,1.58733,1.22167,0.52063,0.48824,0.47203,0.37851,0.56859,0.45025,0.46647,0.35955,0.64753,1.33304,1.0863,1.06042,0.00905463,0.00905463,0.00905463
102,12159.6,0.92333,1.74898,1.65603,1.23273,0.53392,0.46996,0.46358,0.37246,0.52885,0.46357,0.46005,0.3531,0.64315,1.32391,1.10468,1.06301,0.00903627,0.00903627,0.00903627
103,12199.3,0.91111,1.71759,1.59646,1.21957,0.49453,0.49734,0.46315,0.37623,0.49241,0.4882,0.45681,0.35262,0.63868,1.33057,1.09503,1.05567,0.00901776,0.00901776,0.00901776
104,12239.7,0.91181,1.68585,1.6239,1.21336,0.52602,0.49049,0.46326,0.37616,0.51846,0.48739,0.45309,0.35087,0.63541,1.33263,1.10976,1.05198,0.00899908,0.00899908,0.00899908
105,12280.1,0.89353,1.63257,1.58985,1.20467,0.50441,0.50754,0.46585,0.37758,0.50355,0.49456,0.45828,0.35437,0.63326,1.3135,1.09867,1.05366,0.00898025,0.00898025,0.00898025
106,12319.5,0.89958,1.71736,1.63058,1.20824,0.52067,0.472,0.46443,0.3795,0.51747,0.46196,0.45723,0.35398,0.62632,1.31764,1.09857,1.04887,0.00896127,0.00896127,0.00896127
107,12358.5,0.92226,1.76482,1.64236,1.22377,0.49558,0.49653,0.46785,0.37916,0.49816,0.48896,0.46161,0.35903,0.6368,1.31912,1.08505,1.05355,0.00894213,0.00894213,0.00894213
108,12394.2,0.88908,1.63441,1.5626,1.19618,0.49958,0.52649,0.48149,0.38705,0.50372,0.51423,0.47602,0.36922,0.63852,1.29542,1.06635,1.0545,0.00892283,0.00892283,0.00892283
109,12432.2,0.89627,1.66696,1.56955,1.20951,0.4803,0.50505,0.49072,0.39416,0.47645,0.4968,0.48312,0.3763,0.62866,1.29939,1.05216,1.04868,0.00890339,0.00890339,0.00890339
110,12472,0.8984,1.64387,1.5784,1.20405,0.49367,0.47849,0.48776,0.39277,0.48205,0.47103,0.47641,0.37157,0.62681,1.30629,1.04633,1.04798,0.00888379,0.00888379,0.00888379
111,12513.1,0.91782,1.72491,1.59753,1.22733,0.48372,0.48521,0.481,0.38758,0.48364,0.47936,0.47415,0.37035,0.63121,1.30671,1.05729,1.04847,0.00886404,0.00886404,0.00886404
112,12550.4,0.88981,1.66253,1.52914,1.20231,0.52914,0.48114,0.47508,0.38651,0.52654,0.47688,0.47014,0.36839,0.62716,1.29936,1.0543,1.04476,0.00884414,0.00884414,0.00884414
113,12590.3,0.88532,1.65884,1.53601,1.18969,0.55227,0.48962,0.48108,0.38881,0.54759,0.48324,0.4775,0.37174,0.62968,1.30364,1.05378,1.04425,0.00882409,0.00882409,0.00882409
114,12627.9,0.90822,1.64464,1.58045,1.20041,0.53425,0.50479,0.48588,0.39261,0.53625,0.49763,0.48133,0.37545,0.62458,1.29706,1.05167,1.03857,0.00880389,0.00880389,0.00880389
115,12666.2,0.88211,1.66688,1.52554,1.20144,0.54911,0.48273,0.48049,0.38787,0.55185,0.48141,0.47888,0.37129,0.63097,1.2938,1.06134,1.04606,0.00878354,0.00878354,0.00878354
116,12705.1,0.91168,1.74746,1.58981,1.2102,0.52787,0.52057,0.48404,0.39042,0.52537,0.51047,0.47771,0.37323,0.63016,1.29113,1.05588,1.04575,0.00876305,0.00876305,0.00876305
117,12742.8,0.87817,1.64011,1.56172,1.20524,0.51296,0.51379,0.48265,0.38913,0.52134,0.50422,0.47759,0.37204,0.63155,1.2884,1.05832,1.04256,0.00874241,0.00874241,0.00874241
118,12782.5,0.89786,1.69101,1.56486,1.20161,0.56842,0.48255,0.48237,0.39146,0.56732,0.47646,0.47828,0.37241,0.62997,1.28979,1.05789,1.04332,0.00872162,0.00872162,0.00872162
119,12823,0.88294,1.68783,1.51338,1.1873,0.56977,0.49138,0.48721,0.39567,0.56977,0.48848,0.48519,0.37885,0.62834,1.2997,1.04772,1.04369,0.00870069,0.00870069,0.00870069
120,12862.3,0.87083,1.64051,1.50372,1.18812,0.5381,0.50898,0.48648,0.39347,0.54337,0.5086,0.48487,0.37746,0.62701,1.30187,1.04053,1.04387,0.00867961,0.00867961,0.00867961
121,12901.2,0.88429,1.67899,1.57924,1.2025,0.52691,0.5046,0.48097,0.39024,0.52486,0.49933,0.48037,0.3734,0.62624,1.30294,1.04241,1.04557,0.00865839,0.00865839,0.00865839
122,12939.5,0.89739,1.65886,1.55285,1.1951,0.53151,0.49091,0.47966,0.39008,0.54558,0.48255,0.4787,0.37265,0.62702,1.30206,1.04608,1.0466,0.00863703,0.00863703,0.00863703
123,12977.6,0.89012,1.66551,1.54523,1.20629,0.52874,0.50618,0.47596,0.38727,0.53797,0.49788,0.47685,0.37022,0.62918,1.29399,1.04534,1.04691,0.00861553,0.00861553,0.00861553
124,13014,0.86329,1.66218,1.49532,1.18785,0.53387,0.50332,0.47986,0.39061,0.53391,0.51024,0.48152,0.37458,0.62569,1.28542,1.04172,1.04253,0.00859389,0.00859389,0.00859389
125,13051.7,0.88718,1.66475,1.52134,1.20104,0.5602,0.50013,0.48165,0.3923,0.55837,0.49721,0.47882,0.37466,0.62411,1.28333,1.03494,1.04166,0.0085721,0.0085721,0.0085721
126,13087.3,0.88263,1.62963,1.51725,1.18974,0.54808,0.50551,0.4839,0.38987,0.54948,0.50077,0.47969,0.3746,0.62581,1.28451,1.03816,1.0432,0.00855018,0.00855018,0.00855018
127,13124.5,0.87003,1.61933,1.51676,1.18974,0.54741,0.5072,0.48297,0.39009,0.56207,0.4849,0.4766,0.37228,0.62565,1.28546,1.03965,1.04492,0.00852812,0.00852812,0.00852812
128,13163.4,0.86272,1.63481,1.51969,1.18381,0.53446,0.51416,0.48021,0.38776,0.53089,0.49835,0.47435,0.3706,0.62738,1.28693,1.04362,1.04352,0.00850592,0.00850592,0.00850592
129,13202.1,0.87357,1.59555,1.50784,1.18775,0.53568,0.50309,0.47896,0.3876,0.5387,0.49395,0.47644,0.37228,0.62675,1.2804,1.04379,1.04256,0.00848358,0.00848358,0.00848358
130,13239.2,0.89452,1.72162,1.55035,1.1965,0.54546,0.51386,0.48373,0.39143,0.55888,0.50101,0.47919,0.37481,0.61997,1.27249,1.03664,1.03743,0.00846111,0.00846111,0.00846111
131,13276,0.86959,1.62669,1.49671,1.17747,0.53339,0.51706,0.48451,0.39408,0.53567,0.5089,0.48125,0.37454,0.6208,1.27175,1.03807,1.03849,0.00843851,0.00843851,0.00843851
132,13315,0.85245,1.55346,1.44554,1.17316,0.56397,0.49198,0.4878,0.39637,0.56452,0.4862,0.48298,0.37623,0.61712,1.27367,1.02967,1.03618,0.00841577,0.00841577,0.00841577
133,13353.4,0.85939,1.66397,1.51503,1.18925,0.55712,0.51617,0.49373,0.39874,0.55567,0.50459,0.48671,0.37968,0.61517,1.2708,1.01729,1.03486,0.0083929,0.0083929,0.0083929
134,13392.9,0.85025,1.5907,1.44569,1.17804,0.54976,0.51784,0.49888,0.40276,0.55885,0.49444,0.48748,0.38101,0.61309,1.27308,1.01707,1.03407,0.00836989,0.00836989,0.00836989
135,13432.8,0.87456,1.64832,1.51424,1.19409,0.5464,0.50955,0.49808,0.40325,0.55101,0.49946,0.48978,0.38398,0.61584,1.27362,1.01325,1.03445,0.00834676,0.00834676,0.00834676
136,13472.1,0.84092,1.59567,1.47895,1.16451,0.56414,0.50713,0.4998,0.4017,0.56052,0.49766,0.4927,0.38498,0.61618,1.26992,1.01343,1.03346,0.00832349,0.00832349,0.00832349
137,13511.1,0.86393,1.6195,1.49393,1.17558,0.55818,0.49473,0.49875,0.40387,0.53777,0.51493,0.49402,0.38554,0.61419,1.26756,1.01402,1.0313,0.0083001,0.0083001,0.0083001
138,13551.3,0.86215,1.59891,1.49533,1.17625,0.54349,0.51305,0.49629,0.40161,0.55041,0.50046,0.4887,0.38358,0.61492,1.26739,1.01797,1.03319,0.00827658,0.00827658,0.00827658
139,13589.9,0.87232,1.66725,1.51979,1.18123,0.53781,0.51243,0.49528,0.40301,0.54244,0.49871,0.48678,0.38292,0.61467,1.26758,1.02004,1.03293,0.00825293,0.00825293,0.00825293
140,13626.8,0.86085,1.61414,1.46476,1.17834,0.52872,0.52351,0.4933,0.40249,0.53572,0.49893,0.48655,0.38128,0.61357,1.27234,1.01747,1.03168,0.00822915,0.00822915,0.00822915
141,13665.7,0.84953,1.6005,1.45829,1.15975,0.56745,0.49555,0.50126,0.4058,0.57331,0.48615,0.49388,0.38613,0.61419,1.27133,1.01575,1.03255,0.00820525,0.00820525,0.00820525
142,13704.5,0.87302,1.63708,1.50063,1.18845,0.57017,0.48528,0.50383,0.40943,0.56864,0.4806,0.49562,0.38693,0.6128,1.26939,1.0148,1.03273,0.00818122,0.00818122,0.00818122
143,13742.5,0.8437,1.572,1.48935,1.17645,0.5528,0.51268,0.50235,0.40786,0.54833,0.50657,0.49237,0.38548,0.61103,1.26775,1.01467,1.03263,0.00815707,0.00815707,0.00815707
144,13780.5,0.84933,1.58917,1.43668,1.16352,0.56886,0.50092,0.50447,0.40766,0.57356,0.49093,0.49471,0.38705,0.60989,1.26645,1.01258,1.03243,0.0081328,0.0081328,0.0081328
145,13818.8,0.85167,1.60998,1.44233,1.16431,0.58515,0.49339,0.50269,0.40883,0.58413,0.48778,0.49208,0.38595,0.60795,1.26185,1.01402,1.03006,0.00810841,0.00810841,0.00810841
146,13858.9,0.8582,1.61642,1.459,1.17085,0.59323,0.48394,0.49914,0.4074,0.5927,0.47689,0.48821,0.3831,0.60866,1.26252,1.01702,1.03117,0.00808389,0.00808389,0.00808389
147,13897.5,0.8593,1.62309,1.46239,1.16657,0.59196,0.48582,0.499,0.40741,0.58925,0.48046,0.48983,0.38383,0.60914,1.26075,1.01199,1.0309,0.00805925,0.00805925,0.00805925
148,13936.8,0.8473,1.60074,1.46002,1.16133,0.58791,0.4975,0.50482,0.41082,0.58492,0.49047,0.49527,0.38768,0.60805,1.2584,1.00957,1.02953,0.0080345,0.0080345,0.0080345
149,13976.4,0.87081,1.60475,1.47465,1.17271,0.53115,0.50564,0.50581,0.4101,0.52579,0.49882,0.49693,0.38911,0.60721,1.25771,1.00831,1.02863,0.00800963,0.00800963,0.00800963
150,14016.6,0.83964,1.58035,1.42222,1.16135,0.59131,0.50093,0.51045,0.41211,0.52754,0.49834,0.50098,0.39262,0.60659,1.2557,0.9998,1.0268,0.00798464,0.00798464,0.00798464
151,14054.6,0.85265,1.61992,1.43943,1.16428,0.58092,0.51765,0.51116,0.41345,0.58376,0.5044,0.50184,0.39379,0.6055,1.25744,0.99655,1.02619,0.00795954,0.00795954,0.00795954
152,14095.4,0.86169,1.62165,1.46324,1.16085,0.57034,0.52719,0.51116,0.41366,0.57419,0.51894,0.50146,0.39345,0.60468,1.25381,0.99263,1.02596,0.00793432,0.00793432,0.00793432
153,14135.2,0.8234,1.51688,1.43029,1.14443,0.57235,0.52418,0.50761,0.41075,0.56769,0.51999,0.49837,0.39131,0.60411,1.25661,0.99221,1.02516,0.00790898,0.00790898,0.00790898
154,14172.9,0.85995,1.62556,1.47337,1.1717,0.57385,0.52245,0.50694,0.41186,0.57026,0.51738,0.49721,0.39072,0.60256,1.25867,0.99203,1.02273,0.00788354,0.00788354,0.00788354
155,14211.5,0.83685,1.54784,1.41908,1.15694,0.59079,0.50129,0.50792,0.41251,0.56727,0.51789,0.49862,0.39129,0.60224,1.25759,0.99329,1.02257,0.00785798,0.00785798,0.00785798
156,14249.9,0.83564,1.55162,1.41881,1.15475,0.58094,0.51353,0.50773,0.41311,0.56505,0.51457,0.49764,0.39078,0.60155,1.25772,0.99576,1.02237,0.00783231,0.00783231,0.00783231
157,14287.7,0.83836,1.51056,1.43728,1.15205,0.58012,0.51899,0.51054,0.41421,0.57643,0.51279,0.50116,0.39225,0.60175,1.25862,0.99196,1.02232,0.00780653,0.00780653,0.00780653
158,14323.1,0.84659,1.60746,1.41474,1.17017,0.58206,0.52441,0.5119,0.41475,0.57961,0.51463,0.50267,0.39315,0.60166,1.25672,0.98735,1.02256,0.00778065,0.00778065,0.00778065
159,14358.6,0.86392,1.6289,1.45559,1.17193,0.57748,0.52283,0.51122,0.41437,0.57564,0.5166,0.50081,0.39284,0.60254,1.25918,0.98873,1.02368,0.00775465,0.00775465,0.00775465
160,14395.4,0.83822,1.58731,1.40464,1.15703,0.58216,0.52762,0.51492,0.4153,0.58195,0.51986,0.50392,0.39483,0.60167,1.26147,0.98845,1.02378,0.00772855,0.00772855,0.00772855
161,14428.7,0.8748,1.62359,1.47458,1.17508,0.58951,0.52264,0.51368,0.41521,0.58418,0.51359,0.5036,0.39409,0.6025,1.25966,0.99025,1.02558,0.00770234,0.00770234,0.00770234
162,14466.8,0.838,1.55185,1.43412,1.15437,0.5826,0.52608,0.51207,0.41298,0.57888,0.51925,0.50294,0.39356,0.60363,1.25927,0.98831,1.02664,0.00767603,0.00767603,0.00767603
163,14505.8,0.82308,1.52572,1.39548,1.1468,0.58499,0.52803,0.51016,0.41404,0.58532,0.52387,0.50361,0.39331,0.60478,1.25926,0.9878,1.02781,0.00764961,0.00764961,0.00764961
164,14543.5,0.83235,1.55567,1.39804,1.14961,0.58191,0.52319,0.5089,0.41359,0.58169,0.52388,0.50376,0.39257,0.60413,1.25849,0.98915,1.02694,0.0076231,0.0076231,0.0076231
165,14583.8,0.82775,1.5443,1.39336,1.15489,0.58469,0.52618,0.51007,0.41463,0.58539,0.52614,0.50464,0.39394,0.60321,1.2569,0.98916,1.0257,0.00759648,0.00759648,0.00759648
166,14622.9,0.80919,1.46911,1.35905,1.13457,0.58987,0.51312,0.5085,0.41348,0.52341,0.52243,0.50322,0.39388,0.60236,1.25309,0.98988,1.02481,0.00756976,0.00756976,0.00756976
167,14660.3,0.82939,1.54529,1.3924,1.14332,0.59083,0.51404,0.50922,0.41464,0.58945,0.51119,0.50421,0.39458,0.60107,1.25235,0.99089,1.0241,0.00754293,0.00754293,0.00754293
168,14699.9,0.83368,1.58043,1.40691,1.15286,0.59235,0.51793,0.50935,0.41501,0.58904,0.51422,0.50238,0.39343,0.6002,1.25166,0.99007,1.02358,0.00751602,0.00751602,0.00751602
169,14738.2,0.84065,1.59882,1.41567,1.1667,0.59156,0.51125,0.51208,0.41712,0.58716,0.50436,0.50292,0.39499,0.59946,1.25091,0.98982,1.02354,0.007489,0.007489,0.007489
170,14776.5,0.82621,1.54097,1.40981,1.15054,0.53248,0.51388,0.51213,0.4162,0.58158,0.50229,0.5,0.39407,0.59853,1.25086,0.99217,1.02276,0.00746189,0.00746189,0.00746189
171,14814.6,0.80267,1.52005,1.34417,1.13056,0.52746,0.51847,0.51159,0.41659,0.52463,0.50821,0.50115,0.39487,0.59903,1.25121,0.99289,1.02295,0.00743468,0.00743468,0.00743468
172,14854,0.81666,1.55353,1.37131,1.1347,0.52814,0.52073,0.5094,0.41503,0.52541,0.51366,0.49956,0.39338,0.5987,1.25097,0.99284,1.02253,0.00740738,0.00740738,0.00740738
173,14890.8,0.80342,1.49598,1.35758,1.13234,0.52875,0.51697,0.50885,0.41463,0.52558,0.51059,0.49976,0.3942,0.59941,1.25074,0.99426,1.02267,0.00737998,0.00737998,0.00737998
174,14926.9,0.83945,1.53436,1.38829,1.1482,0.52959,0.52119,0.5093,0.41487,0.53176,0.50091,0.49983,0.39388,0.59969,1.2485,0.99434,1.02275,0.0073525,0.0073525,0.0073525
175,14966.5,0.81382,1.53071,1.37041,1.14253,0.52153,0.52166,0.50918,0.41454,0.53578,0.49232,0.49854,0.39326,0.59942,1.24784,0.99571,1.02233,0.00732492,0.00732492,0.00732492
176,15005,0.82929,1.56356,1.326,1.1466,0.512,0.52159,0.50729,0.41498,0.53475,0.49093,0.49898,0.3932,0.59948,1.24765,0.99616,1.02268,0.00729725,0.00729725,0.00729725
177,15043.1,0.81051,1.52129,1.34736,1.13934,0.51808,0.51066,0.50888,0.41585,0.51291,0.50083,0.49818,0.39314,0.59903,1.24782,0.99654,1.02229,0.0072695,0.0072695,0.0072695
178,15083.1,0.81927,1.55152,1.37759,1.13955,0.52109,0.51342,0.50812,0.41659,0.51589,0.50422,0.49891,0.39451,0.59917,1.24774,0.99444,1.02291,0.00724165,0.00724165,0.00724165
179,15123.4,0.82383,1.54329,1.36442,1.14038,0.51765,0.51604,0.50606,0.41582,0.51889,0.50443,0.49996,0.39444,0.59946,1.24848,0.9932,1.02287,0.00721372,0.00721372,0.00721372
180,15163.3,0.84303,1.54003,1.37107,1.15944,0.51711,0.52012,0.50647,0.41627,0.51437,0.51139,0.50094,0.39525,0.5999,1.24773,0.99304,1.02325,0.00718571,0.00718571,0.00718571
181,15200.5,0.81069,1.56934,1.33009,1.14539,0.51535,0.51914,0.50627,0.41623,0.51346,0.50212,0.49996,0.39393,0.59939,1.24802,0.99157,1.02315,0.00715761,0.00715761,0.00715761
182,15240.1,0.83441,1.58499,1.38872,1.15467,0.51367,0.5145,0.50632,0.41659,0.52603,0.49435,0.49933,0.39412,0.59984,1.24964,0.99127,1.02348,0.00712942,0.00712942,0.00712942
183,15279.3,0.81044,1.53517,1.3633,1.13356,0.51316,0.5092,0.50535,0.41611,0.51015,0.49689,0.49846,0.39368,0.59916,1.25064,0.99041,1.02308,0.00710116,0.00710116,0.00710116
184,15318.5,0.81043,1.52524,1.32041,1.13843,0.50878,0.50889,0.50533,0.41612,0.50931,0.49631,0.49791,0.39366,0.59893,1.25217,0.98909,1.02285,0.00707281,0.00707281,0.00707281
185,15357.5,0.8215,1.46138,1.38811,1.13736,0.51172,0.51044,0.50523,0.41644,0.51269,0.49926,0.49821,0.3946,0.59776,1.25248,0.98763,1.02201,0.00704439,0.00704439,0.00704439
186,15398.1,0.80885,1.50079,1.3497,1.137,0.51312,0.51002,0.50541,0.41572,0.51545,0.49822,0.49833,0.39412,0.59765,1.25156,0.98664,1.02176,0.00701588,0.00701588,0.00701588
187,15435.4,0.815,1.48941,1.36486,1.13295,0.50961,0.5112,0.50478,0.415,0.51809,0.49812,0.49733,0.39336,0.59758,1.251,0.98486,1.02148,0.0069873,0.0069873,0.0069873
188,15475.2,0.80224,1.51786,1.31421,1.13076,0.51739,0.5075,0.50584,0.41538,0.52537,0.49613,0.49909,0.39392,0.59757,1.25062,0.9838,1.02131,0.00695864,0.00695864,0.00695864
189,15514.2,0.81163,1.53314,1.35634,1.14331,0.51594,0.50939,0.5059,0.41545,0.53808,0.48674,0.49868,0.39312,0.59736,1.25044,0.98245,1.02076,0.00692991,0.00692991,0.00692991
190,15552,0.797,1.51314,1.34102,1.12962,0.52924,0.50675,0.50659,0.41594,0.53777,0.49029,0.4983,0.39316,0.59669,1.24971,0.981,1.02024,0.0069011,0.0069011,0.0069011
191,15592.7,0.78258,1.50236,1.32269,1.11939,0.53068,0.50718,0.50769,0.41617,0.53731,0.49243,0.49982,0.39449,0.5964,1.24937,0.98058,1.02025,0.00687222,0.00687222,0.00687222
192,15632.1,0.79613,1.46812,1.31606,1.12837,0.53444,0.50212,0.50676,0.41544,0.53716,0.49205,0.49922,0.39442,0.59647,1.2479,0.98042,1.02007,0.00684326,0.00684326,0.00684326
193,15669.5,0.81039,1.50832,1.31847,1.12623,0.51419,0.51098,0.50715,0.41622,0.53287,0.49218,0.49938,0.39481,0.59621,1.24836,0.98126,1.02,0.00681424,0.00681424,0.00681424
194,15708.6,0.81032,1.50306,1.34638,1.12214,0.51358,0.50887,0.50624,0.41625,0.52358,0.49475,0.49815,0.39311,0.59606,1.24859,0.98104,1.01976,0.00678514,0.00678514,0.00678514
195,15748.2,0.79703,1.4894,1.33547,1.13101,0.51273,0.5174,0.50585,0.41562,0.51842,0.49711,0.49677,0.39246,0.59597,1.24919,0.98071,1.02,0.00675598,0.00675598,0.00675598
196,15787,0.80333,1.4986,1.29484,1.13275,0.51608,0.50909,0.50485,0.41517,0.51937,0.49368,0.49677,0.39266,0.59635,1.2487,0.98111,1.0203,0.00672675,0.00672675,0.00672675
197,15825.5,0.78813,1.45441,1.29937,1.12409,0.51893,0.50654,0.5055,0.41614,0.52495,0.49022,0.49706,0.39254,0.59683,1.24908,0.98157,1.0205,0.00669746,0.00669746,0.00669746
198,15863.9,0.79039,1.54384,1.2945,1.12193,0.52312,0.5042,0.50589,0.41665,0.52221,0.4946,0.49764,0.39287,0.59655,1.24943,0.98092,1.0203,0.0066681,0.0066681,0.0066681
199,15903.2,0.80023,1.49199,1.30427,1.12803,0.5163,0.50592,0.50512,0.41648,0.52226,0.49361,0.49763,0.39316,0.59638,1.24927,0.98174,1.02016,0.00663867,0.00663867,0.00663867
200,15943.2,0.79944,1.46669,1.32397,1.12162,0.52359,0.50189,0.50641,0.41713,0.52237,0.49231,0.49877,0.39362,0.59665,1.24934,0.98224,1.02026,0.00660918,0.00660918,0.00660918
201,15983.1,0.81326,1.52445,1.33692,1.12736,0.52423,0.49797,0.50625,0.41742,0.52282,0.49125,0.49893,0.39423,0.59658,1.24959,0.98244,1.02006,0.00657963,0.00657963,0.00657963
202,16024.3,0.77703,1.41949,1.29106,1.11318,0.52547,0.4993,0.50654,0.41776,0.52598,0.49043,0.49907,0.39445,0.59661,1.25019,0.98254,1.02005,0.00655002,0.00655002,0.00655002
203,16065.7,0.78514,1.46384,1.31884,1.11904,0.52047,0.50219,0.50566,0.4178,0.52194,0.49156,0.49886,0.39455,0.59616,1.24991,0.98258,1.01984,0.00652036,0.00652036,0.00652036
204,16107.5,0.79485,1.49829,1.29246,1.12399,0.524,0.49764,0.50609,0.41838,0.52942,0.48847,0.49869,0.39537,0.59598,1.25065,0.98224,1.01963,0.00649063,0.00649063,0.00649063
205,16148.9,0.81022,1.5157,1.29,1.12528,0.52437,0.49745,0.50581,0.41831,0.52708,0.48831,0.49855,0.39486,0.5955,1.25059,0.98201,1.01917,0.00646085,0.00646085,0.00646085
206,16190.2,0.79636,1.4544,1.31725,1.12655,0.52825,0.49435,0.50574,0.41868,0.52529,0.48773,0.49868,0.39479,0.5954,1.2496,0.98165,1.01904,0.00643101,0.00643101,0.00643101
207,16232.3,0.8035,1.52191,1.28484,1.12634,0.52285,0.49845,0.50534,0.41835,0.52371,0.49071,0.49847,0.39481,0.5955,1.24937,0.98105,1.01899,0.00640111,0.00640111,0.00640111
208,16274.7,0.81507,1.50005,1.33,1.13617,0.52392,0.49993,0.50557,0.41835,0.5248,0.49143,0.49834,0.39494,0.59494,1.24855,0.98122,1.01878,0.00637116,0.00637116,0.00637116
209,16317.3,0.7907,1.42548,1.29364,1.10548,0.50487,0.51483,0.50639,0.41858,0.51659,0.49527,0.49932,0.39523,0.59454,1.24858,0.98084,1.01852,0.00634117,0.00634117,0.00634117
210,16359.1,0.79983,1.46084,1.2577,1.11551,0.50141,0.5139,0.50646,0.41869,0.51792,0.49431,0.49909,0.39515,0.59391,1.24831,0.98096,1.0182,0.00631112,0.00631112,0.00631112
211,16401.1,0.80965,1.51579,1.33437,1.13395,0.50388,0.51597,0.50633,0.4188,0.51765,0.49638,0.49917,0.39474,0.59367,1.24836,0.9809,1.01799,0.00628101,0.00628101,0.00628101
212,16443.2,0.79452,1.47745,1.29485,1.11721,0.49938,0.51884,0.50664,0.41933,0.50129,0.50936,0.49885,0.39509,0.59383,1.24821,0.98055,1.01789,0.00625087,0.00625087,0.00625087
213,16485.6,0.78081,1.42115,1.27124,1.11208,0.49639,0.52166,0.50763,0.4195,0.50389,0.50558,0.49979,0.39526,0.5937,1.24833,0.98041,1.01803,0.00622067,0.00622067,0.00622067
214,16527.1,0.78745,1.46298,1.26429,1.12102,0.49686,0.52103,0.50744,0.41926,0.50776,0.50132,0.4994,0.3948,0.59359,1.24877,0.98059,1.01786,0.00619043,0.00619043,0.00619043
215,16569.1,0.78898,1.45427,1.271,1.11696,0.50024,0.52155,0.50784,0.41943,0.51139,0.50174,0.49989,0.39564,0.59308,1.24907,0.97984,1.0176,0.00616014,0.00616014,0.00616014
216,16610.5,0.81639,1.51488,1.27687,1.13496,0.49939,0.52221,0.50773,0.41917,0.51231,0.50292,0.49952,0.39506,0.59306,1.24917,0.97947,1.01745,0.00612981,0.00612981,0.00612981
217,16652.3,0.78024,1.39531,1.25481,1.11423,0.49838,0.52406,0.50821,0.41938,0.51291,0.50438,0.49983,0.39509,0.5926,1.2488,0.9782,1.01714,0.00609944,0.00609944,0.00609944
218,16694.3,0.78256,1.48336,1.27302,1.12431,0.5011,0.52697,0.50732,0.41863,0.50337,0.50788,0.49922,0.3944,0.59226,1.24855,0.97787,1.01709,0.00606902,0.00606902,0.00606902
219,16735.8,0.76139,1.4044,1.27646,1.10757,0.49873,0.52717,0.5076,0.41879,0.50787,0.50751,0.49946,0.39469,0.59228,1.24854,0.97742,1.01698,0.00603856,0.00603856,0.00603856
220,16777.7,0.79879,1.47361,1.25185,1.11338,0.50922,0.52158,0.50749,0.41935,0.50847,0.50924,0.49936,0.39466,0.59192,1.24786,0.97695,1.01674,0.00600807,0.00600807,0.00600807
221,16819.1,0.76755,1.45624,1.24495,1.10183,0.5091,0.52265,0.5073,0.41912,0.51052,0.51276,0.49899,0.39439,0.59144,1.24799,0.97718,1.01648,0.00597754,0.00597754,0.00597754
222,16860.9,0.783,1.502,1.26634,1.11158,0.50764,0.52314,0.50718,0.419,0.50934,0.51604,0.49897,0.39457,0.59107,1.2482,0.97761,1.01631,0.00594697,0.00594697,0.00594697
223,16902.6,0.78475,1.47788,1.23485,1.10922,0.50617,0.52456,0.50752,0.41938,0.50924,0.51404,0.4993,0.39495,0.5911,1.24797,0.97759,1.01637,0.00591636,0.00591636,0.00591636
224,16944.4,0.77758,1.47083,1.26544,1.10972,0.50484,0.52409,0.50664,0.41833,0.50812,0.51298,0.49851,0.3939,0.59103,1.24751,0.97721,1.01639,0.00588573,0.00588573,0.00588573
225,16987.5,0.76976,1.43274,1.24391,1.10646,0.49731,0.52685,0.50694,0.41858,0.50951,0.51273,0.49895,0.39431,0.59083,1.24732,0.97744,1.0163,0.00585505,0.00585505,0.00585505
226,17029.3,0.78567,1.48423,1.26468,1.12234,0.49568,0.52808,0.50671,0.41815,0.50542,0.51222,0.4991,0.39389,0.59041,1.2465,0.97753,1.01619,0.00582435,0.00582435,0.00582435
227,17070.4,0.78735,1.49574,1.25281,1.11887,0.49412,0.52673,0.50676,0.41817,0.50773,0.51176,0.49908,0.39396,0.59049,1.24599,0.97749,1.0162,0.00579362,0.00579362,0.00579362
228,17111.9,0.78385,1.42712,1.25563,1.10945,0.49355,0.52827,0.50735,0.41815,0.49722,0.51544,0.4993,0.39422,0.59032,1.24603,0.97728,1.0162,0.00576285,0.00576285,0.00576285
229,17153.7,0.76634,1.4119,1.21281,1.09634,0.49568,0.52415,0.50713,0.41829,0.49976,0.51507,0.49934,0.39436,0.5902,1.24544,0.97717,1.01614,0.00573206,0.00573206,0.00573206
230,17194.8,0.77686,1.45266,1.24209,1.11246,0.49644,0.52482,0.50756,0.41815,0.49847,0.51488,0.49969,0.39449,0.59029,1.24487,0.97661,1.01593,0.00570124,0.00570124,0.00570124
231,17236.1,0.78008,1.41781,1.26429,1.10758,0.49654,0.5252,0.50768,0.41828,0.49464,0.51748,0.49981,0.39472,0.58995,1.24445,0.97619,1.01582,0.0056704,0.0056704,0.0056704
232,17277.7,0.78764,1.41939,1.27585,1.11098,0.49639,0.52433,0.50683,0.41734,0.49519,0.51573,0.49906,0.39415,0.59014,1.24385,0.9761,1.01596,0.00563953,0.00563953,0.00563953
233,17319.6,0.75707,1.4599,1.22277,1.09837,0.49631,0.52315,0.50649,0.41814,0.49793,0.514,0.49936,0.39458,0.58993,1.24401,0.97545,1.01581,0.00560864,0.00560864,0.00560864
234,17361.4,0.74572,1.36986,1.20925,1.09788,0.49662,0.52546,0.50672,0.41885,0.50061,0.51617,0.49992,0.39475,0.58976,1.24374,0.97512,1.01572,0.00557773,0.00557773,0.00557773
235,17403.9,0.7892,1.44452,1.222,1.10693,0.49695,0.52729,0.50658,0.41885,0.49593,0.51878,0.49994,0.39493,0.58959,1.24409,0.97508,1.01548,0.00554679,0.00554679,0.00554679
236,17445.9,0.75065,1.40051,1.18458,1.08976,0.4977,0.53094,0.50671,0.41849,0.49744,0.51984,0.50006,0.39507,0.58958,1.24377,0.97524,1.01555,0.00551584,0.00551584,0.00551584
237,17487,0.76299,1.43224,1.22094,1.10431,0.49527,0.53203,0.50661,0.41873,0.49689,0.52464,0.49997,0.39515,0.58919,1.24461,0.9749,1.01538,0.00548486,0.00548486,0.00548486
238,17528.6,0.75276,1.40512,1.20922,1.09388,0.49497,0.5327,0.50707,0.41905,0.49636,0.52526,0.50029,0.39561,0.58893,1.24462,0.97465,1.01515,0.00545387,0.00545387,0.00545387
239,17569.9,0.74704,1.40754,1.18246,1.0878,0.49885,0.52677,0.50694,0.41883,0.495,0.52336,0.50045,0.39532,0.58865,1.24459,0.9746,1.01522,0.00542287,0.00542287,0.00542287
240,17611.4,0.759,1.42143,1.24101,1.09457,0.49891,0.52791,0.50697,0.41907,0.49878,0.52158,0.50043,0.39508,0.5885,1.24434,0.97449,1.01499,0.00539185,0.00539185,0.00539185
241,17652.9,0.76425,1.40337,1.2033,1.10437,0.50021,0.52688,0.5083,0.41946,0.49811,0.52214,0.50026,0.39545,0.58855,1.24464,0.97411,1.01496,0.00536081,0.00536081,0.00536081
242,17694.8,0.76031,1.39095,1.19451,1.09564,0.50094,0.52578,0.50787,0.41899,0.49988,0.51943,0.49981,0.39523,0.58807,1.24508,0.9738,1.01459,0.00532977,0.00532977,0.00532977
243,17735.7,0.77834,1.47037,1.23536,1.109,0.50185,0.52623,0.50768,0.41924,0.49994,0.51958,0.49942,0.39526,0.58802,1.24509,0.97364,1.01462,0.00529871,0.00529871,0.00529871
244,17777.6,0.76628,1.45431,1.2259,1.10323,0.50114,0.52622,0.50745,0.41889,0.49857,0.52026,0.4991,0.39501,0.58754,1.24531,0.97358,1.01426,0.00526764,0.00526764,0.00526764
245,17819.1,0.7538,1.39261,1.19822,1.08764,0.50064,0.52525,0.50712,0.41917,0.49761,0.5198,0.49875,0.39522,0.58753,1.24512,0.97344,1.01432,0.00523657,0.00523657,0.00523657
246,17860.5,0.77537,1.45713,1.19707,1.09255,0.49931,0.52473,0.50696,0.41886,0.49734,0.5196,0.49852,0.39474,0.58731,1.24491,0.97334,1.01418,0.00520548,0.00520548,0.00520548
247,17902.5,0.75876,1.44883,1.2291,1.09252,0.5134,0.51011,0.50662,0.41913,0.49728,0.51941,0.49799,0.39452,0.5873,1.24499,0.97319,1.01414,0.00517439,0.00517439,0.00517439
248,17944.6,0.75058,1.43587,1.1824,1.08198,0.51458,0.51004,0.50686,0.41926,0.49694,0.51753,0.49851,0.39495,0.58743,1.24498,0.97305,1.01414,0.0051433,0.0051433,0.0051433
249,17985.7,0.74782,1.40288,1.16454,1.094,0.51527,0.51282,0.50693,0.41915,0.49921,0.51582,0.4983,0.39492,0.58716,1.24508,0.97263,1.01396,0.0051122,0.0051122,0.0051122
250,18027.3,0.75991,1.40344,1.20692,1.0921,0.5067,0.52042,0.5071,0.41923,0.49864,0.51388,0.49838,0.39502,0.58683,1.24538,0.97221,1.01373,0.0050811,0.0050811,0.0050811
251,18068,0.76503,1.46472,1.19529,1.1045,0.50569,0.52024,0.5071,0.419,0.50177,0.51387,0.49816,0.39488,0.58648,1.24555,0.97231,1.01342,0.00505,0.00505,0.00505
252,18109.5,0.74935,1.39774,1.18191,1.0887,0.50341,0.52078,0.50715,0.4192,0.50209,0.51392,0.49807,0.39504,0.58637,1.24616,0.97188,1.01343,0.0050189,0.0050189,0.0050189
253,18150.8,0.76477,1.43428,1.21136,1.10157,0.50837,0.51948,0.50734,0.41935,0.50226,0.51406,0.49856,0.39497,0.58627,1.24618,0.97184,1.01342,0.0049878,0.0049878,0.0049878
254,18192.3,0.76857,1.40882,1.21737,1.11009,0.50351,0.51908,0.50696,0.41915,0.50075,0.51382,0.49794,0.39469,0.58625,1.24615,0.97183,1.01344,0.0049567,0.0049567,0.0049567
255,18233.7,0.75457,1.43747,1.18966,1.09382,0.51054,0.51701,0.50713,0.41919,0.50041,0.51486,0.49824,0.39479,0.58617,1.24663,0.97162,1.0135,0.00492561,0.00492561,0.00492561
256,18275.9,0.74609,1.38681,1.17551,1.08479,0.51182,0.51652,0.50686,0.41876,0.5023,0.51411,0.49767,0.39457,0.58608,1.24713,0.97158,1.01329,0.00489452,0.00489452,0.00489452
257,18318.9,0.73013,1.34366,1.12022,1.07137,0.51011,0.51629,0.50699,0.41895,0.50092,0.51455,0.49796,0.39436,0.5862,1.24706,0.9714,1.01331,0.00486343,0.00486343,0.00486343
258,18362,0.73101,1.36003,1.1769,1.08223,0.51089,0.51642,0.50707,0.41868,0.50805,0.51086,0.49798,0.39426,0.5859,1.24665,0.97123,1.01297,0.00483236,0.00483236,0.00483236
259,18405.9,0.73961,1.39094,1.16147,1.08447,0.50966,0.51652,0.5073,0.41862,0.50777,0.51089,0.49831,0.39441,0.58585,1.2469,0.97079,1.01293,0.00480129,0.00480129,0.00480129
260,18447.9,0.73306,1.3956,1.14707,1.08247,0.50988,0.51541,0.50774,0.41912,0.50892,0.51009,0.4986,0.39469,0.5859,1.24681,0.97104,1.01286,0.00477023,0.00477023,0.00477023
261,18489.7,0.7393,1.37049,1.1825,1.09033,0.51028,0.51489,0.50741,0.41891,0.50876,0.51028,0.49841,0.39437,0.58589,1.24678,0.97061,1.01284,0.00473919,0.00473919,0.00473919
262,18531.6,0.74198,1.37097,1.13886,1.08078,0.51223,0.51523,0.50755,0.4194,0.50955,0.51118,0.49869,0.39449,0.58547,1.24652,0.97014,1.01261,0.00470815,0.00470815,0.00470815
263,18573.6,0.74749,1.4315,1.16164,1.08306,0.51075,0.51471,0.5077,0.41977,0.50972,0.51112,0.499,0.39478,0.58523,1.246,0.96983,1.0123,0.00467713,0.00467713,0.00467713
264,18615.5,0.74803,1.36693,1.15621,1.08623,0.51005,0.51477,0.50761,0.41947,0.50991,0.51061,0.49892,0.39497,0.58492,1.24603,0.96982,1.01207,0.00464613,0.00464613,0.00464613
265,18657.1,0.74398,1.38865,1.16466,1.08944,0.51085,0.51423,0.5072,0.41955,0.50926,0.5114,0.49874,0.39507,0.58482,1.24586,0.96973,1.01204,0.00461514,0.00461514,0.00461514
266,18699.1,0.71907,1.30826,1.13959,1.07137,0.51007,0.51548,0.50768,0.41976,0.50928,0.51126,0.4993,0.39524,0.58459,1.24578,0.96947,1.01193,0.00458416,0.00458416,0.00458416
267,18740.1,0.73002,1.39433,1.14373,1.07254,0.51395,0.51471,0.50703,0.4191,0.51037,0.51078,0.49869,0.39484,0.58471,1.24581,0.96952,1.01188,0.00455321,0.00455321,0.00455321
268,18782.3,0.75471,1.40608,1.15458,1.08909,0.51317,0.51403,0.50687,0.41941,0.5114,0.51072,0.49856,0.395,0.58447,1.24544,0.96917,1.01163,0.00452227,0.00452227,0.00452227
269,18824.1,0.75027,1.42652,1.15014,1.08255,0.51347,0.51457,0.50676,0.41932,0.5121,0.51099,0.49856,0.39472,0.58439,1.24525,0.96929,1.01157,0.00449136,0.00449136,0.00449136
270,18865.8,0.74128,1.39932,1.14654,1.08379,0.51315,0.51384,0.50647,0.41896,0.51131,0.51024,0.49819,0.39469,0.58445,1.2452,0.96924,1.01151,0.00446047,0.00446047,0.00446047
271,18907.5,0.74335,1.3794,1.13189,1.08073,0.51455,0.51455,0.5064,0.41875,0.5103,0.51079,0.49832,0.39467,0.5845,1.24521,0.96929,1.01141,0.0044296,0.0044296,0.0044296
272,18949.4,0.74765,1.36764,1.13789,1.07608,0.51475,0.51541,0.50662,0.41903,0.51088,0.51079,0.49825,0.39467,0.58419,1.24515,0.96914,1.01126,0.00439876,0.00439876,0.00439876
273,18991.3,0.74594,1.44059,1.13848,1.0766,0.51172,0.51511,0.506,0.41892,0.50961,0.51221,0.49847,0.39494,0.58423,1.24475,0.96894,1.0113,0.00436794,0.00436794,0.00436794
274,19032.9,0.73797,1.37913,1.13555,1.07628,0.5095,0.51526,0.50632,0.41892,0.50845,0.51159,0.49846,0.39457,0.58413,1.2446,0.96898,1.01125,0.00433715,0.00433715,0.00433715
275,19075.2,0.73458,1.37837,1.12773,1.08594,0.51214,0.51591,0.50642,0.41865,0.50988,0.5117,0.498,0.39457,0.58411,1.24478,0.96899,1.01118,0.00430638,0.00430638,0.00430638
276,19117.6,0.71683,1.38296,1.13274,1.06583,0.51203,0.51525,0.5057,0.41846,0.50861,0.51186,0.49779,0.39432,0.58416,1.24456,0.96913,1.01122,0.00427565,0.00427565,0.00427565
277,19161.1,0.72397,1.3392,1.11488,1.07716,0.51573,0.5151,0.50586,0.41837,0.50976,0.51172,0.49735,0.39374,0.58391,1.24453,0.96927,1.01112,0.00424495,0.00424495,0.00424495
278,19203.7,0.71817,1.30067,1.10033,1.07122,0.51107,0.51524,0.50524,0.41823,0.50631,0.51363,0.49711,0.39341,0.58406,1.24427,0.96959,1.01113,0.00421427,0.00421427,0.00421427
279,19245.5,0.727,1.36204,1.10547,1.06824,0.51785,0.51255,0.50495,0.41834,0.50975,0.5115,0.49675,0.39336,0.58385,1.24425,0.96948,1.01107,0.00418364,0.00418364,0.00418364
280,19286.8,0.72377,1.348,1.1038,1.06792,0.51545,0.51316,0.50506,0.41796,0.51325,0.50931,0.49651,0.39324,0.58373,1.24393,0.96937,1.011,0.00415303,0.00415303,0.00415303
281,19328.3,0.733,1.36355,1.10967,1.07068,0.51576,0.5136,0.50522,0.41783,0.51329,0.50976,0.49677,0.39292,0.58357,1.2439,0.9692,1.01087,0.00412246,0.00412246,0.00412246
282,19370.1,0.73192,1.35793,1.11118,1.08533,0.51693,0.51243,0.50516,0.41857,0.51336,0.50999,0.49679,0.39341,0.58359,1.24335,0.96861,1.01092,0.00409193,0.00409193,0.00409193
283,19412,0.73294,1.33015,1.12727,1.06791,0.51528,0.51304,0.50531,0.41831,0.51259,0.51012,0.49725,0.39356,0.58316,1.24314,0.96858,1.01075,0.00406144,0.00406144,0.00406144
284,19453.9,0.72385,1.33072,1.0905,1.07296,0.51642,0.51161,0.50534,0.41829,0.51519,0.50812,0.49734,0.39308,0.58303,1.24305,0.96807,1.01053,0.00403098,0.00403098,0.00403098
285,19495.1,0.72017,1.35274,1.10548,1.0632,0.51603,0.51133,0.50509,0.41806,0.51585,0.50809,0.49734,0.3931,0.58306,1.24303,0.96795,1.01057,0.00400056,0.00400056,0.00400056
286,19537.1,0.70991,1.32263,1.08964,1.06079,0.51729,0.51155,0.50489,0.41849,0.51469,0.50894,0.49699,0.39292,0.58285,1.24297,0.96845,1.0104,0.00397019,0.00397019,0.00397019
287,19579.4,0.74035,1.38448,1.11529,1.07834,0.51742,0.51266,0.50503,0.41858,0.5169,0.50841,0.49721,0.39304,0.58279,1.24266,0.96815,1.0104,0.00393986,0.00393986,0.00393986
288,19620.8,0.69935,1.34763,1.08021,1.05765,0.51878,0.51234,0.5048,0.41833,0.51756,0.50818,0.49734,0.39265,0.58302,1.24282,0.96858,1.01059,0.00390957,0.00390957,0.00390957
289,19661.9,0.7332,1.35118,1.1242,1.06399,0.51799,0.51321,0.50482,0.41814,0.51735,0.50886,0.49724,0.39244,0.58298,1.24255,0.96877,1.01062,0.00387933,0.00387933,0.00387933
290,19702.9,0.71951,1.31089,1.05139,1.06524,0.51831,0.51357,0.50472,0.41787,0.51562,0.50942,0.49729,0.39218,0.58306,1.2432,0.96916,1.01056,0.00384913,0.00384913,0.00384913
291,19744.6,0.73683,1.36123,1.09344,1.07599,0.51925,0.51381,0.50481,0.4181,0.5157,0.50965,0.49705,0.39222,0.58319,1.24284,0.96875,1.01065,0.00381899,0.00381899,0.00381899
292,19786.1,0.72591,1.38447,1.11538,1.06673,0.51855,0.51356,0.50497,0.41829,0.51515,0.50955,0.49696,0.39234,0.58302,1.243,0.96934,1.01055,0.00378888,0.00378888,0.00378888
293,19828.1,0.70639,1.32941,1.08521,1.07104,0.51993,0.51368,0.50488,0.41839,0.51591,0.51017,0.49693,0.39202,0.58298,1.24263,0.9693,1.01051,0.00375883,0.00375883,0.00375883
294,19869.4,0.73324,1.36928,1.10439,1.07135,0.52838,0.50686,0.50498,0.41879,0.51503,0.51041,0.49692,0.39183,0.58309,1.24234,0.9697,1.01056,0.00372884,0.00372884,0.00372884
295,19911.5,0.70449,1.27834,1.08483,1.06539,0.52848,0.50709,0.5052,0.41894,0.51561,0.51046,0.49717,0.3919,0.58317,1.24238,0.96946,1.0105,0.00369889,0.00369889,0.00369889
296,19953.8,0.70945,1.34429,1.07321,1.04606,0.52873,0.50726,0.50539,0.41881,0.5167,0.51107,0.49731,0.39203,0.58313,1.24228,0.96992,1.01053,0.00366899,0.00366899,0.00366899
297,19995.8,0.72483,1.30942,1.12956,1.06859,0.52747,0.5079,0.50537,0.41853,0.51633,0.51243,0.49732,0.39207,0.58325,1.24201,0.97034,1.01062,0.00363915,0.00363915,0.00363915
298,20037.5,0.72855,1.38147,1.11012,1.06668,0.52743,0.50822,0.50555,0.41893,0.52391,0.50716,0.49746,0.39223,0.58347,1.24198,0.97014,1.01079,0.00360937,0.00360937,0.00360937
299,20078.7,0.73366,1.39457,1.10507,1.0732,0.52704,0.50965,0.50537,0.41882,0.52226,0.50875,0.49719,0.39221,0.58355,1.24229,0.97054,1.01078,0.00357964,0.00357964,0.00357964
300,20119.9,0.7125,1.33845,1.07477,1.07217,0.52702,0.509,0.50536,0.41877,0.5226,0.50893,0.49715,0.39222,0.5836,1.2422,0.97055,1.01072,0.00354998,0.00354998,0.00354998
301,20161.5,0.70315,1.31152,1.0569,1.06085,0.52721,0.50952,0.50511,0.41821,0.51716,0.51369,0.4971,0.39228,0.58371,1.24226,0.97095,1.01084,0.00352037,0.00352037,0.00352037
302,20203.1,0.71905,1.36536,1.08579,1.06476,0.52895,0.50762,0.50532,0.41833,0.52871,0.50412,0.49706,0.39235,0.58364,1.24256,0.971,1.0109,0.00349082,0.00349082,0.00349082
303,20244.8,0.70442,1.26729,1.04624,1.05066,0.52991,0.50795,0.50536,0.41838,0.52249,0.51315,0.49714,0.39251,0.58367,1.24224,0.97116,1.0109,0.00346133,0.00346133,0.00346133
304,20286.6,0.73054,1.35555,1.08415,1.07356,0.53057,0.50759,0.50552,0.418,0.52264,0.51433,0.49717,0.39268,0.58377,1.24236,0.9714,1.01093,0.0034319,0.0034319,0.0034319
305,20328.2,0.69657,1.29668,1.0646,1.05706,0.5299,0.50789,0.50488,0.41785,0.52082,0.5157,0.49677,0.39248,0.58385,1.24217,0.97183,1.01099,0.00340254,0.00340254,0.00340254
306,20370.1,0.72059,1.35194,1.10449,1.07272,0.52974,0.50947,0.50512,0.41796,0.52381,0.51193,0.49672,0.39257,0.58421,1.24237,0.97207,1.01115,0.00337325,0.00337325,0.00337325
307,20412.9,0.69924,1.30515,1.06281,1.05456,0.52907,0.50893,0.50488,0.41789,0.52168,0.515,0.49618,0.39198,0.58407,1.24238,0.97229,1.01098,0.00334402,0.00334402,0.00334402
308,20455.4,0.71674,1.36796,1.08095,1.06587,0.52963,0.50856,0.50437,0.41767,0.52185,0.51454,0.49592,0.39184,0.58421,1.24215,0.9726,1.01107,0.00331486,0.00331486,0.00331486
309,20497.5,0.70573,1.2866,1.06526,1.05759,0.52979,0.50956,0.5047,0.41783,0.52168,0.51475,0.49572,0.39189,0.58423,1.24245,0.97345,1.01111,0.00328576,0.00328576,0.00328576
310,20539.3,0.70173,1.3169,1.05182,1.05626,0.52955,0.50955,0.50412,0.41714,0.52794,0.50525,0.49527,0.39143,0.58416,1.2424,0.97359,1.01107,0.00325674,0.00325674,0.00325674
311,20580.1,0.69297,1.29669,1.03544,1.05284,0.52908,0.51055,0.50408,0.41724,0.52223,0.51416,0.49504,0.39148,0.58444,1.24228,0.97422,1.01121,0.00322778,0.00322778,0.00322778
312,20622,0.69596,1.3018,1.03643,1.04369,0.52842,0.51153,0.50396,0.41659,0.5178,0.51538,0.49504,0.39129,0.58437,1.24201,0.97468,1.01111,0.0031989,0.0031989,0.0031989
313,20663.8,0.70003,1.31954,1.04115,1.05143,0.52745,0.51212,0.50393,0.41685,0.52164,0.51085,0.49484,0.39125,0.58427,1.24182,0.97489,1.01096,0.00317009,0.00317009,0.00317009
314,20705.6,0.69126,1.33629,1.01808,1.04394,0.52644,0.51344,0.50378,0.41681,0.522,0.50964,0.49467,0.39104,0.5843,1.24195,0.97538,1.01114,0.00314136,0.00314136,0.00314136
315,20747.6,0.70733,1.32554,1.05771,1.04822,0.52766,0.5131,0.50405,0.41679,0.52167,0.50966,0.495,0.39133,0.58442,1.24156,0.9755,1.01112,0.0031127,0.0031127,0.0031127
